"chr"	"marker"	"cm"	"mb"	"sp"
2	"AG2H417"	0	2.419942	"agam"
2	"AG2H46"	0.7	1.247982	"agam"
2	"AG2H793"	2.5	4.524662	"agam"
2	"AG2H175"	3.1	6.554111	"agam"
2	"AG2H290"	4.3	6.330535	"agam"
2	"AG2H427"	6	1.870542	"agam"
2	"AG2H803"	8	1.871525	"agam"
2	"AG2H157"	11.5	9.390367	"agam"
2	"AG2H815"	12.4	14.840443	"agam"
2	"AG2H197"	13.4	10.405782	"agam"
2	"AG2H788"	14.3	9.01919	"agam"
2	"AG2H156"	17.8	15.22041	"agam"
2	"AG2H799"	18.7	14.840448	"agam"
2	"AG2H769"	20.4	14.840441	"agam"
2	"AG2H79"	24.3	19.87167	"agam"
2	"AG2H187"	24.7	17.80655	"agam"
2	"AG2H85"	25.9	17.873428	"agam"
2	"AG2H1010"	27.7	18.209205	"agam"
2	"AG2H786"	32.9	48.304994	"agam"
2	"AG2H757"	33	14.704148	"agam"
2	"AG2H26"	34.1	24.609889	"agam"
2	"AG2H590"	37.8	28.860963	"agam"
2	"AG2H125"	40.4	45.660236	"agam"
2	"AG2H95"	42.3	28.637401	"agam"
2	"AG2H720"	43.5	33.183217	"agam"
2	"AG2H60"	45.3	32.493965	"agam"
2	"AG2H135"	47.3	34.371356	"agam"
2	"AG2H796"	48.7	78.27456	"agam"
2	"AG2H770"	50.1	40.443639	"agam"
2	"AG2H147"	50.8	41.979682	"agam"
2	"AG2H772"	52.9	103.591866	"agam"
2	"II/Suil"	53.8	93.91616	"agam"
2	"AG2H215"	54.1	88.759654	"agam"
2	"AG2H603"	54.7	103.559903	"agam"
2	"AG2H819"	55.1	99.482423	"agam"
2	"AG2H523"	55.2	101.601275	"agam"
2	"AG2H143"	56.3	99.074304	"agam"
2	"AG2H802"	57	92.421302	"agam"
2	"AG2H1"	58.6	53.730086	"agam"
2	"AG2H637"	60.3	87.054315	"agam"
2	"AG2H787"	61.9	88.340788	"agam"
2	"AG2H117"	65.1	110.496877	"agam"
2	"AG2H1012"	68.5	87.068585	"agam"
2	"AG2H675"	70.4	108.452457	"agam"
2	"AG2H325"	72.4	77.512559	"agam"
3	"AG3H93"	0	1.022221	"agam"
3	"AG3H776"	0.9	2.439571	"agam"
3	"AG3H128"	3	2.948086	"agam"
3	"AG3H746"	3.7	3.769444	"agam"
3	"AG3H59"	4.7	4.239665	"agam"
3	"AG3H812"	6.2	6.204495	"agam"
3	"AG3H249"	11.9	8.791893	"agam"
3	"AG3H119"	29.1	14.828134	"agam"
3	"AG3H555"	37.1	21.30251	"agam"
3	"AG3H170"	45.9	23.115801	"agam"
3	"AG3H341"	51.4	23.020507	"agam"
3	"AG3H311"	61.7	44.237138	"agam"
3	"AG3H88"	61.8	34.72987	"agam"
3	"AG3H811"	65.2	67.95983	"agam"
3	"AG3H750"	68	70.578389	"agam"
3	"AG3H127"	68.2	70.059621	"agam"
3	"AG3H154"	71.7	76.476913	"agam"
3	"AG3H577"	71.9	72.967782	"agam"
3	"AG3H312"	80	76.476913	"agam"
3	"AG3H758"	81	79.024537	"agam"
3	"AG3H765"	88	86.18004	"agam"
3	"AG3H753"	88.7	86.180069	"agam"
3	"AG3H242"	91.3	90.33129	"agam"
3	"AG3H817"	93.7	85.055722	"agam"
